{"L2VIS1":{"CH2":{"a":1.0005594491958618,"b":0.00022709096083417535,"c":-0.0090105049312114716,"d":1.000341534614563,"tx":7.1838064193725586,"ty":3622.892822265625},"CH3":{"a":0.99909490346908569,"b":0.00016213428170885891,"c":-0.004631484393030405,"d":1.0000271797180176,"tx":10.922750473022461,"ty":1809.36962890625}},"L2VIS2":{"CH2":{"a":1.0006303787231445,"b":-5.3790157835464925e-05,"c":0.0083071524277329445,"d":1.0003722906112671,"tx":51.003776550292969,"ty":3564.9677734375},"CH3":{"a":0.99912768602371216,"b":1.3785547707811929e-05,"c":0.0039915791712701321,"d":1.0001558065414429,"tx":24.520669937133789,"ty":1783.137939453125}}}