{
    "L2VIS1": {
        "CH2": {
            "a": 1.000573992729187,
            "b": 0.00035237125121057034,
            "c": -0.0090348962694406509,
            "d": 0.99987661838531494,
            "tx": 6.0453519821166992,
            "ty": 3624.831298828125
        },
        "CH3": {
            "a": 0.99908363819122314,
            "b": 9.6839525212999433e-05,
            "c": -0.0044633778743445873,
            "d": 0.99984556436538696,
            "tx": 11.068882942199707,
            "ty": 1809.923583984375
        },
        "ROI": {
            "height": 13588,
            "width": 5968,
            "x": 21,
            "y": 6
        }
    },
    "L2VIS2": {
        "CH2": {
            "a": 1.0005612373352051,
            "b": 0.00035246252082288265,
            "c": 0.0081708058714866638,
            "d": 1.0000289678573608,
            "tx": 48.553791046142578,
            "ty": 3565.832763671875
        },
        "CH3": {
            "a": 0.99906682968139648,
            "b": 0.00012361572589725256,
            "c": 0.0039356728084385395,
            "d": 0.9999847412109375,
            "tx": 23.914281845092773,
            "ty": 1783.9600830078125
        },
        "ROI": {
            "height": 13594,
            "width": 5999,
            "x": 5,
            "y": 0
        }
    },
    "L3VIS1": {
        "CH2": {
            "a": 1.0003199577331543,
            "b": 6.0292717535048723e-05,
            "c": -0.007828880101442337,
            "d": 0.9999701976776123,
            "tx": -9.7922744750976562,
            "ty": 3634.79296875
        },
        "CH3": {
            "a": 0.99890178442001343,
            "b": 6.6877430072054267e-05,
            "c": -0.0038116860669106245,
            "d": 0.99997782707214355,
            "tx": -1.0070599317550659,
            "ty": 1818.810302734375
        },
        "ROI": {
            "height": 13559,
            "width": 5954,
            "x": 0,
            "y": 35
        }
    },
    "L3VIS2": {
        "CH2": {
            "a": 1.0002398490905762,
            "b": 2.5879820896079764e-05,
            "c": 0.0082602584734559059,
            "d": 0.9999462366104126,
            "tx": 27.938787460327148,
            "ty": 3587.2109375
        },
        "CH3": {
            "a": 0.99890518188476562,
            "b": -6.5819281189760659e-06,
            "c": 0.0047040227800607681,
            "d": 0.99998688697814941,
            "tx": 8.7644357681274414,
            "ty": 1790.49365234375
        },
        "ROI": {
            "height": 13594,
            "width": 5994,
            "x": 10,
            "y": 0
        }
    },
    "M1VIS1": {
        "CH2": {
            "a": 1.0014160871505737,
            "b": -0.00070692924782633781,
            "c": -0.0065945652313530445,
            "d": 1.0015120506286621,
            "tx": -19.688812255859375,
            "ty": 3630.576904296875
        },
        "CH3": {
            "a": 0.99942773580551147,
            "b": -0.00038039142964407802,
            "c": -0.0037411695811897516,
            "d": 1.0007965564727783,
            "tx": -1.7817221879959106,
            "ty": 1816.7015380859375
        },
        "ROI": {
            "height": 13559,
            "width": 5973,
            "x": 0,
            "y": 0
        }
    },
    "M1VIS2": {
        "CH2": {
            "a": 1.0022317171096802,
            "b": -0.00043777108658105135,
            "c": 0.0093786818906664848,
            "d": 1.0017508268356323,
            "tx": 3.6183109283447266,
            "ty": 3574.7568359375
        },
        "CH3": {
            "a": 0.99990630149841309,
            "b": -0.00020892167231068015,
            "c": 0.0046536410227417946,
            "d": 1.0009210109710693,
            "tx": 1.696265697479248,
            "ty": 1787.08837890625
        },
        "ROI": {
            "height": 13543,
            "width": 5964,
            "x": 40,
            "y": 16
        }
    },
    "M2VIS1": {
        "CH2": {
            "a": 1.0008593797683716,
            "b": 0.0023458760697394609,
            "c": -0.0067432615906000137,
            "d": 1.000353217124939,
            "tx": -64.960128784179688,
            "ty": 3606.871337890625
        },
        "CH3": {
            "a": 0.9997248649597168,
            "b": 0.0012447856133803725,
            "c": -0.0027132038958370686,
            "d": 1.000136137008667,
            "tx": -3.0268738269805908,
            "ty": 1818.997314453125
        },
        "ROI": {
            "height": 13562,
            "width": 5941,
            "x": 0,
            "y": 32
        }
    },
    "M2VIS2": {
        "CH2": {
            "a": 1.0009920597076416,
            "b": 0.0023638270795345306,
            "c": 0.012704221531748772,
            "d": 1.000372052192688,
            "tx": -0.96090805530548096,
            "ty": 3530.264892578125
        },
        "CH3": {
            "a": 0.99958497285842896,
            "b": 0.0010891587007790804,
            "c": 0.0092391446232795715,
            "d": 1.0001227855682373,
            "tx": -10.521564483642578,
            "ty": 1744.6219482421875
        },
        "ROI": {
            "height": 13594,
            "width": 5992,
            "x": 12,
            "y": 0
        }
    }
}