{
    "L2VIS1": {
        "CH2": {
            "a": 1.000573992729187,
            "b": 0.00035237125121057034,
            "c": -0.0090348962694406509,
            "d": 0.99987661838531494,
            "tx": 6.0453519821166992,
            "ty": 3624.831298828125
        },
        "CH3": {
            "a": 0.99908363819122314,
            "b": 9.6839525212999433e-05,
            "c": -0.0044633778743445873,
            "d": 0.99984556436538696,
            "tx": 11.068882942199707,
            "ty": 1809.923583984375
        },
        "ROI": {
            "height": 13588,
            "width": 5968,
            "x": 21,
            "y": 6
        }
    },
    "L2VIS2": {
        "CH2": {
            "a": 1.0005612373352051,
            "b": 0.00035246252082288265,
            "c": 0.0081708058714866638,
            "d": 1.0000289678573608,
            "tx": 48.553791046142578,
            "ty": 3565.832763671875
        },
        "CH3": {
            "a": 0.99906682968139648,
            "b": 0.00012361572589725256,
            "c": 0.0039356728084385395,
            "d": 0.9999847412109375,
            "tx": 23.914281845092773,
            "ty": 1783.9600830078125
        },
        "ROI": {
            "height": 13594,
            "width": 5999,
            "x": 5,
            "y": 0
        }
    },
    "M2VIS1": {
        "CH2": {
            "a": 1.0008593797683716,
            "b": 0.0023458760697394609,
            "c": -0.0067432615906000137,
            "d": 1.000353217124939,
            "tx": -64.960128784179688,
            "ty": 3606.871337890625
        },
        "CH3": {
            "a": 0.9997248649597168,
            "b": 0.0012447856133803725,
            "c": -0.0027132038958370686,
            "d": 1.000136137008667,
            "tx": -3.0268738269805908,
            "ty": 1818.997314453125
        },
        "ROI": {
            "height": 13562,
            "width": 5941,
            "x": 0,
            "y": 32
        }
    },
    "M2VIS2": {
        "CH2": {
            "a": 1.0009920597076416,
            "b": 0.0023638270795345306,
            "c": 0.012704221531748772,
            "d": 1.000372052192688,
            "tx": -0.96090805530548096,
            "ty": 3530.264892578125
        },
        "CH3": {
            "a": 0.99958497285842896,
            "b": 0.0010891587007790804,
            "c": 0.0092391446232795715,
            "d": 1.0001227855682373,
            "tx": -10.521564483642578,
            "ty": 1744.6219482421875
        },
        "ROI": {
            "height": 13594,
            "width": 5992,
            "x": 12,
            "y": 0
        }
    }
}